<BackupInst xmlns="http://www.microsoft.com/GroupPolicy/GPOOperations/Manifest"><GPOGuid><![CDATA[{4E4481C6-3242-418A-AC5B-14E25A8E3943}]]></GPOGuid><GPODomain><![CDATA[Security.local]]></GPODomain><GPODomainGuid><![CDATA[{c16481a2-46d3-4bce-896c-4ad33f630901}]]></GPODomainGuid><GPODomainController><![CDATA[DC-SEC-01.Security.local]]></GPODomainController><BackupTime><![CDATA[2016-10-23T14:47:43]]></BackupTime><ID><![CDATA[{7C80FBCF-2A35-4477-822B-42B50FE7EEAA}]]></ID><Comment><![CDATA[]]></Comment><GPODisplayName><![CDATA[Windows Restricted Traffic Limited Functionality Baseline]]></GPODisplayName></BackupInst>
